{"cameraMode":{"drawMode":0,"name":"Shaded","section":"Shading Mode"},"sceneLighting":false,"audioPlay":false,"sceneViewState":{"showFog":true,"showMaterialUpdate":false,"showSkybox":false,"showFlares":true,"showImageEffects":true,"showParticleSystems":true},"in2DMode":false,"pivot":{"x":187.76492309570313,"y":243.53428649902345,"z":63.675498962402347},"rotation":{"x":0.1059379130601883,"y":-0.08194027096033097,"z":0.008760903030633927,"w":0.9909594655036926},"size":954.3773803710938,"orthographic":false}