{"cameraMode":{"drawMode":0,"name":"Shaded","section":"Shading Mode"},"sceneLighting":true,"audioPlay":false,"sceneViewState":{"showFog":true,"showMaterialUpdate":false,"showSkybox":true,"showFlares":true,"showImageEffects":true,"showParticleSystems":true},"in2DMode":false,"pivot":{"x":0.0,"y":0.6557298898696899,"z":-5.904141426086426},"rotation":{"x":-0.1660127490758896,"y":-0.01715998910367489,"z":0.0028908869717270138,"w":-0.9859753847122192},"size":19.259347915649415,"orthographic":false}